group,variant_1,variant_2,variant_1_label,variant_2_label,test,lrt_df,null_gamma,null_loglikelihood,alternative_loglikelihood,lrt_statistic,p_value,p_adj_holm
Never-smoker,KRAS_G12D,BRAF_V600E,KRAS G12D,BRAF V600E,Pairwise LRT: one shared SSC vs two separate SSCs,1,90841.310548433,-158.09908439422,-158.000582456771,0.197003874898314,0.657150178895655,0.657150178895655
Never-smoker,KRAS_G12D,KRAS_G12C,KRAS G12D,KRAS G12C,Pairwise LRT: one shared SSC vs two separate SSCs,1,52939.8084142936,-148.844584826048,-143.675001005912,10.3391676402722,0.00130236728152651,0.00390710184457953
Never-smoker,KRAS_G12D,EGFR_L858R,KRAS G12D,EGFR L858R,Pairwise LRT: one shared SSC vs two separate SSCs,1,367698.639478772,-436.429829585334,-354.174749611106,164.510159948458,1.17034902414171e-37,5.85174512070853e-37
Never-smoker,BRAF_V600E,KRAS_G12C,BRAF V600E,KRAS G12C,Pairwise LRT: one shared SSC vs two separate SSCs,1,44916.1457041205,-118.131428929957,-113.547793097238,9.1672716654391,0.00246381607768411,0.00492763215536821
Never-smoker,BRAF_V600E,EGFR_L858R,BRAF V600E,EGFR L858R,Pairwise LRT: one shared SSC vs two separate SSCs,1,563544.289846526,-371.189490662499,-324.047541702431,94.2838979201359,2.73365022044214e-22,1.09346008817686e-21
Never-smoker,KRAS_G12C,EGFR_L858R,KRAS G12C,EGFR L858R,Pairwise LRT: one shared SSC vs two separate SSCs,1,296488.580392945,-430.55219796826,-309.721960251572,241.660475433376,1.70864900247062e-54,1.02518940148237e-53
Smoker,KRAS_G12D,BRAF_V600E,KRAS G12D,BRAF V600E,Pairwise LRT: one shared SSC vs two separate SSCs,1,34298.1798482637,-233.72478241993,-215.915809899697,35.6179450404669,2.40065837286731e-09,1.44039502372038e-08
Smoker,KRAS_G12D,KRAS_G12C,KRAS G12D,KRAS G12C,Pairwise LRT: one shared SSC vs two separate SSCs,1,44705.4723095082,-600.003732707365,-596.940033769489,6.12739787575265,0.0133102631124415,0.026620526224883
Smoker,KRAS_G12D,EGFR_L858R,KRAS G12D,EGFR L858R,Pairwise LRT: one shared SSC vs two separate SSCs,1,36272.1792501777,-299.811088999289,-288.925739850371,21.7706982978374,3.07257029476037e-06,1.22902811790415e-05
Smoker,BRAF_V600E,KRAS_G12C,BRAF V600E,KRAS G12C,Pairwise LRT: one shared SSC vs two separate SSCs,1,36451.0656860181,-491.193361740125,-477.713851998606,26.9590194830372,2.07815120852713e-07,1.03907560426356e-06
Smoker,BRAF_V600E,EGFR_L858R,BRAF V600E,EGFR L858R,Pairwise LRT: one shared SSC vs two separate SSCs,1,16475.2153115496,-171.920996308173,-169.699558079488,4.44287645736949,0.0350471512019912,0.0350471512019912
Smoker,KRAS_G12C,EGFR_L858R,KRAS G12C,EGFR L858R,Pairwise LRT: one shared SSC vs two separate SSCs,1,36974.0363086439,-557.159099365442,-550.72378194928,12.8706348323233,0.000333778363940991,0.00100133509182297
