Group,Comparison,Test,P value,Adjusted P value,Conclusion
Mouse tumor burden,Overall among four variants,Kruskal-Wallis,6.92134802207812e-17,,Significant
Mouse tumor burden,BRAF V600E vs EGFR L858R,Wilcoxon rank-sum,0.00790633651225607,0.0158126730245121,Significant
Mouse tumor burden,BRAF V600E vs KRAS G12C,Wilcoxon rank-sum,0.00290909862269566,0.00872729586808699,Significant
Mouse tumor burden,KRAS G12C vs EGFR L858R,Wilcoxon rank-sum,0.387308341543729,0.387308341543729,Not significant
Mouse tumor burden,KRAS G12D vs BRAF V600E,Wilcoxon rank-sum,1.03588015147009e-10,5.17940075735045e-10,Significant
Mouse tumor burden,KRAS G12D vs EGFR L858R,Wilcoxon rank-sum,9.99194258131758e-09,3.99677703252703e-08,Significant
Mouse tumor burden,KRAS G12D vs KRAS G12C,Wilcoxon rank-sum,5.72136382569367e-12,3.4328182954162e-11,Significant
"Human SSC, Never-smoker",Overall among four driver variants,LRT,1.40658812769775e-61,,Significant
"Human SSC, Never-smoker",BRAF V600E vs EGFR L858R,Pairwise LRT,2.73365022044214e-22,1.09346008817686e-21,Significant
"Human SSC, Never-smoker",BRAF V600E vs KRAS G12C,Pairwise LRT,0.00246381607768411,0.00492763215536821,Significant
"Human SSC, Never-smoker",KRAS G12C vs EGFR L858R,Pairwise LRT,1.70864900247062e-54,1.02518940148237e-53,Significant
"Human SSC, Never-smoker",KRAS G12D vs BRAF V600E,Pairwise LRT,0.657150178895655,0.657150178895655,Not significant after Holm adjustment
"Human SSC, Never-smoker",KRAS G12D vs EGFR L858R,Pairwise LRT,1.17034902414171e-37,5.85174512070853e-37,Significant
"Human SSC, Never-smoker",KRAS G12D vs KRAS G12C,Pairwise LRT,0.00130236728152651,0.00390710184457953,Significant
"Human SSC, Smoker",Overall among four driver variants,LRT,1.48832076767756e-10,,Significant
"Human SSC, Smoker",BRAF V600E vs EGFR L858R,Pairwise LRT,0.0350471512019912,0.0350471512019912,Significant
"Human SSC, Smoker",BRAF V600E vs KRAS G12C,Pairwise LRT,2.07815120852713e-07,1.03907560426356e-06,Significant
"Human SSC, Smoker",KRAS G12C vs EGFR L858R,Pairwise LRT,0.000333778363940991,0.00100133509182297,Significant
"Human SSC, Smoker",KRAS G12D vs BRAF V600E,Pairwise LRT,2.40065837286731e-09,1.44039502372038e-08,Significant
"Human SSC, Smoker",KRAS G12D vs EGFR L858R,Pairwise LRT,3.07257029476037e-06,1.22902811790415e-05,Significant
"Human SSC, Smoker",KRAS G12D vs KRAS G12C,Pairwise LRT,0.0133102631124415,0.026620526224883,Significant
