Figure,Dataset / group,Display summary,Comparison,Test,Test statistic,df,Raw P value,Adjusted P value,Multiple-testing adjustment,Conclusion,Notes
Fig. 1,Mouse tumor burden,Mean tumor burden,Overall among four driver variants,Kruskal-Wallis rank-sum test,78.3533721341397,3,6.92134802207812e-17,,Not applicable,Significant overall difference,Same replicate-level mouse data are displayed as mean (Fig. 1) and median (Supplementary Fig. 1); rank-based test results are identical.
Supplementary Fig. 1,Mouse tumor burden,Median tumor burden,Overall among four driver variants,Kruskal-Wallis rank-sum test,78.3533721341397,3,6.92134802207812e-17,,Not applicable,Significant overall difference,Same replicate-level mouse data are displayed as mean (Fig. 1) and median (Supplementary Fig. 1); rank-based test results are identical.
Fig. 1,Mouse tumor burden,Mean tumor burden,KRAS G12D vs BRAF V600E,Wilcoxon rank-sum test,1272.5,,1.03588015147009e-10,5.17940075735045e-10,Holm across six pairwise comparisons,Significant after Holm adjustment,Same replicate-level mouse data are displayed as mean (Fig. 1) and median (Supplementary Fig. 1); rank-based test results are identical.
Fig. 1,Mouse tumor burden,Mean tumor burden,KRAS G12D vs KRAS G12C,Wilcoxon rank-sum test,1351.5,,5.72136382569367e-12,3.4328182954162e-11,Holm across six pairwise comparisons,Significant after Holm adjustment,Same replicate-level mouse data are displayed as mean (Fig. 1) and median (Supplementary Fig. 1); rank-based test results are identical.
Fig. 1,Mouse tumor burden,Mean tumor burden,KRAS G12D vs EGFR L858R,Wilcoxon rank-sum test,830.5,,9.99194258131758e-09,3.99677703252703e-08,Holm across six pairwise comparisons,Significant after Holm adjustment,Same replicate-level mouse data are displayed as mean (Fig. 1) and median (Supplementary Fig. 1); rank-based test results are identical.
Fig. 1,Mouse tumor burden,Mean tumor burden,BRAF V600E vs KRAS G12C,Wilcoxon rank-sum test,593,,0.00290909862269566,0.00872729586808699,Holm across six pairwise comparisons,Significant after Holm adjustment,Same replicate-level mouse data are displayed as mean (Fig. 1) and median (Supplementary Fig. 1); rank-based test results are identical.
Fig. 1,Mouse tumor burden,Mean tumor burden,BRAF V600E vs EGFR L858R,Wilcoxon rank-sum test,370.5,,0.00790633651225607,0.0158126730245121,Holm across six pairwise comparisons,Significant after Holm adjustment,Same replicate-level mouse data are displayed as mean (Fig. 1) and median (Supplementary Fig. 1); rank-based test results are identical.
Fig. 1,Mouse tumor burden,Mean tumor burden,KRAS G12C vs EGFR L858R,Wilcoxon rank-sum test,301,,0.387308341543729,0.387308341543729,Holm across six pairwise comparisons,Not significant after Holm adjustment,Same replicate-level mouse data are displayed as mean (Fig. 1) and median (Supplementary Fig. 1); rank-based test results are identical.
Supplementary Fig. 1,Mouse tumor burden,Median tumor burden,KRAS G12D vs BRAF V600E,Wilcoxon rank-sum test,1272.5,,1.03588015147009e-10,5.17940075735045e-10,Holm across six pairwise comparisons,Significant after Holm adjustment,Same replicate-level mouse data are displayed as mean (Fig. 1) and median (Supplementary Fig. 1); rank-based test results are identical.
Supplementary Fig. 1,Mouse tumor burden,Median tumor burden,KRAS G12D vs KRAS G12C,Wilcoxon rank-sum test,1351.5,,5.72136382569367e-12,3.4328182954162e-11,Holm across six pairwise comparisons,Significant after Holm adjustment,Same replicate-level mouse data are displayed as mean (Fig. 1) and median (Supplementary Fig. 1); rank-based test results are identical.
Supplementary Fig. 1,Mouse tumor burden,Median tumor burden,KRAS G12D vs EGFR L858R,Wilcoxon rank-sum test,830.5,,9.99194258131758e-09,3.99677703252703e-08,Holm across six pairwise comparisons,Significant after Holm adjustment,Same replicate-level mouse data are displayed as mean (Fig. 1) and median (Supplementary Fig. 1); rank-based test results are identical.
Supplementary Fig. 1,Mouse tumor burden,Median tumor burden,BRAF V600E vs KRAS G12C,Wilcoxon rank-sum test,593,,0.00290909862269566,0.00872729586808699,Holm across six pairwise comparisons,Significant after Holm adjustment,Same replicate-level mouse data are displayed as mean (Fig. 1) and median (Supplementary Fig. 1); rank-based test results are identical.
Supplementary Fig. 1,Mouse tumor burden,Median tumor burden,BRAF V600E vs EGFR L858R,Wilcoxon rank-sum test,370.5,,0.00790633651225607,0.0158126730245121,Holm across six pairwise comparisons,Significant after Holm adjustment,Same replicate-level mouse data are displayed as mean (Fig. 1) and median (Supplementary Fig. 1); rank-based test results are identical.
Supplementary Fig. 1,Mouse tumor burden,Median tumor burden,KRAS G12C vs EGFR L858R,Wilcoxon rank-sum test,301,,0.387308341543729,0.387308341543729,Holm across six pairwise comparisons,Not significant after Holm adjustment,Same replicate-level mouse data are displayed as mean (Fig. 1) and median (Supplementary Fig. 1); rank-based test results are identical.
Fig. 1,"Human SSC, Never-smoker",SSC point estimate,Overall among four driver variants,Likelihood-ratio test,285.442475365078,3,1.40658812769775e-61,,Not applicable,Significant overall difference,Model-based LRT using the reconstructed cancereffectsizeR likelihood.
Fig. 1,"Human SSC, Smoker",SSC point estimate,Overall among four driver variants,Likelihood-ratio test,48.730984266635,3,1.48832076767756e-10,,Not applicable,Significant overall difference,Model-based LRT using the reconstructed cancereffectsizeR likelihood.
Fig. 1,"Human SSC, Never-smoker",SSC point estimate,KRAS G12D vs BRAF V600E,Pairwise likelihood-ratio test,0.197003874898314,1,0.657150178895655,0.657150178895655,Holm within human group across six pairwise comparisons,Not significant after Holm adjustment,Model-based LRT using the reconstructed cancereffectsizeR likelihood.
Fig. 1,"Human SSC, Never-smoker",SSC point estimate,KRAS G12D vs KRAS G12C,Pairwise likelihood-ratio test,10.3391676402722,1,0.00130236728152651,0.00390710184457953,Holm within human group across six pairwise comparisons,Significant after Holm adjustment,Model-based LRT using the reconstructed cancereffectsizeR likelihood.
Fig. 1,"Human SSC, Never-smoker",SSC point estimate,KRAS G12D vs EGFR L858R,Pairwise likelihood-ratio test,164.510159948458,1,1.17034902414171e-37,5.85174512070853e-37,Holm within human group across six pairwise comparisons,Significant after Holm adjustment,Model-based LRT using the reconstructed cancereffectsizeR likelihood.
Fig. 1,"Human SSC, Never-smoker",SSC point estimate,BRAF V600E vs KRAS G12C,Pairwise likelihood-ratio test,9.1672716654391,1,0.00246381607768411,0.00492763215536821,Holm within human group across six pairwise comparisons,Significant after Holm adjustment,Model-based LRT using the reconstructed cancereffectsizeR likelihood.
Fig. 1,"Human SSC, Never-smoker",SSC point estimate,BRAF V600E vs EGFR L858R,Pairwise likelihood-ratio test,94.2838979201359,1,2.73365022044214e-22,1.09346008817686e-21,Holm within human group across six pairwise comparisons,Significant after Holm adjustment,Model-based LRT using the reconstructed cancereffectsizeR likelihood.
Fig. 1,"Human SSC, Never-smoker",SSC point estimate,KRAS G12C vs EGFR L858R,Pairwise likelihood-ratio test,241.660475433376,1,1.70864900247062e-54,1.02518940148237e-53,Holm within human group across six pairwise comparisons,Significant after Holm adjustment,Model-based LRT using the reconstructed cancereffectsizeR likelihood.
Fig. 1,"Human SSC, Smoker",SSC point estimate,KRAS G12D vs BRAF V600E,Pairwise likelihood-ratio test,35.6179450404669,1,2.40065837286731e-09,1.44039502372038e-08,Holm within human group across six pairwise comparisons,Significant after Holm adjustment,Model-based LRT using the reconstructed cancereffectsizeR likelihood.
Fig. 1,"Human SSC, Smoker",SSC point estimate,KRAS G12D vs KRAS G12C,Pairwise likelihood-ratio test,6.12739787575265,1,0.0133102631124415,0.026620526224883,Holm within human group across six pairwise comparisons,Significant after Holm adjustment,Model-based LRT using the reconstructed cancereffectsizeR likelihood.
Fig. 1,"Human SSC, Smoker",SSC point estimate,KRAS G12D vs EGFR L858R,Pairwise likelihood-ratio test,21.7706982978374,1,3.07257029476037e-06,1.22902811790415e-05,Holm within human group across six pairwise comparisons,Significant after Holm adjustment,Model-based LRT using the reconstructed cancereffectsizeR likelihood.
Fig. 1,"Human SSC, Smoker",SSC point estimate,BRAF V600E vs KRAS G12C,Pairwise likelihood-ratio test,26.9590194830372,1,2.07815120852713e-07,1.03907560426356e-06,Holm within human group across six pairwise comparisons,Significant after Holm adjustment,Model-based LRT using the reconstructed cancereffectsizeR likelihood.
Fig. 1,"Human SSC, Smoker",SSC point estimate,BRAF V600E vs EGFR L858R,Pairwise likelihood-ratio test,4.44287645736949,1,0.0350471512019912,0.0350471512019912,Holm within human group across six pairwise comparisons,Significant after Holm adjustment,Model-based LRT using the reconstructed cancereffectsizeR likelihood.
Fig. 1,"Human SSC, Smoker",SSC point estimate,KRAS G12C vs EGFR L858R,Pairwise likelihood-ratio test,12.8706348323233,1,0.000333778363940991,0.00100133509182297,Holm within human group across six pairwise comparisons,Significant after Holm adjustment,Model-based LRT using the reconstructed cancereffectsizeR likelihood.
