TM_M,Genotype
 78573700.54910493,G12D
 57511354.137604296,G12D
 47153213.31600424,G12D
 37579298.19855474,G12D
 36528205.445599675,G12D
 35006431.678179756,G12D
 32609716.455167703,G12D
 34513394.82283822,G12D
 29111575.406301156,G12D
 28297324.81080055,G12D
 27505848.799739912,G12D
 24555214.779276393,G12D
25988690.33,G12D
 23868405.56412332,G12D
 23532238.664008018,G12D
 22874042.08487395,G12D
 24905995.278823175,G12D
 26359948.566113595,G12D
 23868405.56412332,G12D
 21612363.26939717,G12D
 19022201.609191235,G12D
 18229732.144723546,G12D
 15596188.677319802,G12D
 14122036.530958995,G12D
 14122036.530958995,G12D
 13727043.250982612,G12D
 14528395.67380725,G12D
 14323775.146299003,G12D
 15376529.161849333,G12D
 16742461.226953574,G12D
 16742461.226953574,G12D
 16506657.403533349,G12D
 14946447.730252942,G12D
 13923139.238419997,G12D
 14122036.530958995,G12D
 13923139.238419997,G12D
 12787221.28257896,G12D
11415498.11,G12D
 10785845.858273175,G12D
 9766367.436252551,G12D
 8474838.226367583,G12D
 8007385.914479466,G12D
 5232218.013005834,G12D
 7894608.456694719,G12D
 5232218.013005834,G12D
5616770.163,G12D
 2298244.8939029113,G12D
 23532238.664008018,BRAF
 8474838.226367583,BRAF
 7783419.376830071,BRAF
 7894608.456694719,BRAF
 7047730.381411229,BRAF
 6381578.728357822,BRAF
 6203086.0082876105,BRAF
 5014242.560325243,BRAF
 5232218.013005834,BRAF
 3567478.7616864624,BRAF
 3517233.7516743317,BRAF
 3230280.5793328336,BRAF
 3567478.7616864624,BRAF
 3418856.744011731,BRAF
 3139929.6502385987,BRAF
 3722561.566048556,BRAF
 2686322.2602426563,BRAF
 2611185.8421827913,BRAF
 2803100.079360438,BRAF
 2331076.1885672226,BRAF
 2502403.2160444814,BRAF
 2265876.001074542,BRAF
 1966230.8095059542,BRAF
 1884317.1641434652,BRAF
 1706211.4583574089,BRAF
 1038549.2698121333,BRAF
 476012.1848308656,BRAF
 49905.906743413725,BRAF
 16506657.403533349,EGFR
 9493202.195627144,EGFR
 5306962.219677916,EGFR
 4943621.069777748,EGFR
 2202499.462448393,EGFR
 2051705.344417322,EGFR
 2171479.065429926,EGFR
 1911235.3451524402,EGFR
 1730585.332219839,EGFR
 1196819.7502673075,EGFR
 1114879.4902306043,EGFR
 804533.5285813742,EGFR
 413063.1257274622,EGFR
 358438.6099199649,EGFR
 306657.0668821411,EGFR
 244393.8928155038,EGFR
 49905.906743413725,EGFR
 29949.25592094457,EGFR
 19022201.609191235,G12C
 9905883.676645482,G12C
 5085872.905486948,G12C
 3829677.627097056,G12C
 3775739.761290172,G12C
 3418856.744011731,G12C
 3184784.728931782,G12C
 2611185.8421827913,G12C
 2233962.997531824,G12C
 2110742.808547012,G12C
 2171479.065429926,G12C
 1938538.062524302,G12C
 1780382.6238983404,G12C
 1730585.332219839,G12C
 1480577.7259494723,G12C
 1398912.5115301763,G12C
 1418896.5040966326,G12C
 1612100.8134724484,G12C
 1163344.7087842834,G12C
 1083696.3173462106,G12C
 1053385.3376267836,G12C
 940385.5666875778,G12C
 995283.0590663875,G12C
 1083696.3173462106,G12C
 1099177.3277536836,G12C
 863664.3020128313,G12C
 839507.6164878563,G12C
 623248.4268451553,G12C
708113.1661,G12C
24555214.78,G12D